"open_branch_id","avg_pending_balance"
3,"3750.0000000000000000"
1,"2733.3333333333333333"
